id;nombre;apellido;tipo_documento;identificacion;correo;telefono
1;payment e-markets system;Organic;Otro;Wooden Ergon;Developer Shoes Music;Buckinghamsh
2;withdrawal Generic Frozen;Gorgeous Cotton Chair Per;Cedula_Extranjeria;invoice Outd;multi-byte Jamaican Dollar North Carolina;Station
3;parsing Investment Accoun;Branding Dynamic black;Cedula_Extranjeria;Books Generi;robust withdrawal generate;Garden open-
4;Solomon Islands Dollar;Personal Loan Account HTT;Otro;quantify mul;interface Cotton Robust;user-centric
5;Managed Dobra application;Fantastic;Cedula;Direct;Small Frozen Salad bypassing;time-frame Q
6;Borders Borders Practical;methodical;Otro;parseX;neural Wooden Optimization;Tasty Rubber
7;bandwidth Liaison;program Auto Loan Account;Pasaporte;Fantastic Fr;Steel Avon Visionary;exploit tran
8;User-centric Principal Pe;repurpose Sleek;Cedula_Extranjeria;Cotton;Advanced grow;Handmade Woo
9;input Naira;Markets;Cedula;Mandatory As;Strategist;Incredible F
10;Senior Optional Yemeni Ri;Central African Republic;Pasaporte;Credit Card ;Product;Brand Region
