id;biografia;foto_1;foto_1_content_type;foto_2;foto_2_content_type;fot_3;fot_3_content_type;conocimientos_que_domina;temas_de_interes;facebook;instagram;id_google;twiter
1;../fake-data/blob/hipster.txt;../fake-data/blob/hipster.png;image/png;../fake-data/blob/hipster.png;image/png;../fake-data/blob/hipster.png;image/png;Sleek Wooden Chips bi-directional;Russian Ruble deploy;Roads feed;Director;bypassing;array Virginia
2;../fake-data/blob/hipster.txt;../fake-data/blob/hipster.png;image/png;../fake-data/blob/hipster.png;image/png;../fake-data/blob/hipster.png;image/png;bypass;Generic;Savings Account monetize one-to-one;extensible Practical Granite Bacon;Turkish Lira;Profit-focused
3;../fake-data/blob/hipster.txt;../fake-data/blob/hipster.png;image/png;../fake-data/blob/hipster.png;image/png;../fake-data/blob/hipster.png;image/png;system-worthy Credit Card Account;Denmark hub collaboration;Tasty Cotton Tuna efficient Producer;Hill Awesome Rubber Computer;Directives payment override;Indonesia
4;../fake-data/blob/hipster.txt;../fake-data/blob/hipster.png;image/png;../fake-data/blob/hipster.png;image/png;../fake-data/blob/hipster.png;image/png;content;back up B2C invoice;Via enhance Cotton;Chair Producer Accounts;Switchable Kyat;Money Market Account
5;../fake-data/blob/hipster.txt;../fake-data/blob/hipster.png;image/png;../fake-data/blob/hipster.png;image/png;../fake-data/blob/hipster.png;image/png;1080p;Rubber connecting back-end;Small Wooden Gloves Expanded viral;Incredible Integration;Bedfordshire navigating;Village
6;../fake-data/blob/hipster.txt;../fake-data/blob/hipster.png;image/png;../fake-data/blob/hipster.png;image/png;../fake-data/blob/hipster.png;image/png;XML Sausages;Borders Planner navigating;Cambridgeshire;Granite quantifying;CFA Franc BEAC Syrian Arab Republic;back-end digital secured line
7;../fake-data/blob/hipster.txt;../fake-data/blob/hipster.png;image/png;../fake-data/blob/hipster.png;image/png;../fake-data/blob/hipster.png;image/png;Graphic Interface;Keyboard;Future-proofed Metrics North Carolina;generating Granite FTP;Investment Account Rubber Legacy;Gloves Cambridgeshire revolutionize
8;../fake-data/blob/hipster.txt;../fake-data/blob/hipster.png;image/png;../fake-data/blob/hipster.png;image/png;../fake-data/blob/hipster.png;image/png;withdrawal;Sleek Steel Hat;Versatile;San Marino;Cotton Money Market Account Optimization;solutions Refined deposit
9;../fake-data/blob/hipster.txt;../fake-data/blob/hipster.png;image/png;../fake-data/blob/hipster.png;image/png;../fake-data/blob/hipster.png;image/png;Kids;withdrawal Shirt;South Carolina;Ferry;Cambridgeshire;Generic Metal Gloves Administrator Devolved
10;../fake-data/blob/hipster.txt;../fake-data/blob/hipster.png;image/png;../fake-data/blob/hipster.png;image/png;../fake-data/blob/hipster.png;image/png;Rustic;data-warehouse Intelligent Saudi Riyal;Home Loan Account;Manager open-source;orange Soap;Suriname models
